0,icecream@tastes.good,pbkdf2:sha256:260000$1GvmeoAkcWb89TyU$5f711eafb243c1c1a884715dd9bd6d185f29ccd3dab59ad19cc201a7260091cb,Joey,Shmoey, 100 9th ave nyc ny 10010, True, 100
"1","woodtina@gmail.com","pbkdf2:sha256:600000$93BgKPLx9qmZiEHa$0a8248820d1eee24b61dd4a5d52e2457b80a60d6566334d772ef0cc086df7925","Denise","Thornton","30989 Anthony Roads
New Maria, DE 51777","False","1"
"2","rogersbrandon@yahoo.com","pbkdf2:sha256:600000$CgXD0GvP4DXddmNG$a4d3e88fac904f48ef5ef00ee7766b21b62bc13bf016cc757ee211d4e12245d2","Christina","Saunders","207 Mccullough Well Suite 564
New Hannah, NH 97700","False","2"
"3","davidbanks@yahoo.com","pbkdf2:sha256:600000$YNcgincMwaquiYN3$70e639a30b3d5397c4589c025406e9e1403c10dfd24f38613bab40bc98344254","Kathleen","Collins","206 Stewart Forest
Lake Karenhaven, RI 13317","False","3"
"4","samanthasims@yahoo.com","pbkdf2:sha256:600000$rsn39WKQnjXzhXAf$10b73a797dfd4717fc607e0acb45863064ff9f4e3ea59f8ddb3c2bfaf2013afd","Timothy","Parker","87755 Timothy Squares
Simmonsport, MA 96806","False","4"
"5","amyvelazquez@gmail.com","pbkdf2:sha256:600000$dUP4dzB9A1xoUevb$84249956ac4403cd0605ce6f24c7f0a3ed96633d08e44b6c38b883b74c4bfb6b","Dr.","DDS","Unit 7296 Box 6875
DPO AA 65859","False","5"
"6","dpatrick@gmail.com","pbkdf2:sha256:600000$KrvoS98QhhJNwsix$12c62b0242f0b7c2cd89c0d18942267785aebeb934ff6e4bd256b941146015ec","John","Gibbs","024 Cook Park
Sherriport, WI 53987","False","6"
"7","huberrachel@gmail.com","pbkdf2:sha256:600000$pEcgt29eZbMwtlsw$22887546080a51427b7f1ce74f3ce030c6068ec0a1c87a48c3e688e9feae22c6","Julie","Chen","4183 Kimberly Mills
Katherinemouth, MI 83340","False","7"
"8","karicarter@yahoo.com","pbkdf2:sha256:600000$5d27SPovOG96aBus$882438752af406d91df60b42c02ee8e8197f557f4983439b8311c34299cea489","Ashley","Cooper","8529 Curtis Prairie Suite 262
Port Jeffrey, NY 32330","False","8"
"9","bramirez@gmail.com","pbkdf2:sha256:600000$3J3gjduoRrGZVded$5f25202ca3bfc0f6df0431240fe973becbb4e6031651dff43ef0b567cae4f9e3","Christina","Smith","489 Roger Terrace
Davisfort, WV 30957","False","9"
"10","mcdanielchristopher@hotmail.com","pbkdf2:sha256:600000$azbDfWyUmGFbp0P5$105e7c88a0496fb5317ba2cbeb91689dff9b5d2c53869c7a09ce5e1df9386e7d","Leslie","Taylor","857 Scott Divide Suite 093
West Thomastown, PR 69553","False","10"
"11","fcarpenter@yahoo.com","pbkdf2:sha256:600000$2lvbJGlbnNs1ZTX1$eb4948704b47668a19773d58886365f05afdac1b233e904d57af96dd3a816a05","Amanda","Schultz","491 Wise Knoll
Ellishaven, TN 85502","False","11"
"12","nhenson@yahoo.com","pbkdf2:sha256:600000$EpiRPSrnWrYYNnP2$bb2a885d0ef966cd25ada8adebd69a3cca7dffe441873c7e1a06176c2825f20b","Kristen","Smith","PSC 6777, Box 1113
APO AE 20659","False","12"
"13","taylorjamie@yahoo.com","pbkdf2:sha256:600000$Hc6XoIGHN8DaLFSO$c7407d6e7b6a9d517eba61039e5247cf619e10f2e89c443ccfdce35c5dfa0d8d","Mitchell","Payne","57492 Lisa Plaza Suite 590
South Eric, HI 67409","False","13"
"14","areyes@yahoo.com","pbkdf2:sha256:600000$TBEurWPSw44tU2Eb$823189a17294b44cf6403f9f5039125d97aae2b3199e65df36f9ace154c9fe2b","Katherine","Brown","56237 Thomas Inlet
Lake Mark, WY 98452","False","14"
"15","zmorgan@yahoo.com","pbkdf2:sha256:600000$bAD9I1OVNVKHtAEX$4908a123a5f26e92226f2245a86b4d29744273f9ef890eef5b9944b9003ce632","Jessica","Hancock","5600 Davis Highway
South Joel, MI 21771","False","15"
"16","rfischer@yahoo.com","pbkdf2:sha256:600000$iffQ0NXdIN5Y6kVq$22b73af1c9c61c723071666ced588f7a6f152141b6a560b3b62fd57aecb64f8a","Gloria","Smith","931 Ramirez Village Apt. 821
New Daniel, NY 83355","False","16"
"17","vasquezkathryn@gmail.com","pbkdf2:sha256:600000$zvEU8LgtWMsalLZO$849bce3ae53c6085701a617655e07b4f02dfd7dcdfbc165d5fe9df037ac81862","Miguel","Shields","PSC 6644, Box 6595
APO AE 40742","False","17"
"18","kimberly87@gmail.com","pbkdf2:sha256:600000$6FnNhwqvj4HdMY5L$6009fc567dc07b3b8dc75eb5ca30c02bceab26b554b3b19ca11dbb4cc59206be","Kyle","Powell","080 Herring Key Apt. 182
Jamesview, MD 92304","False","18"
"19","wbrown@hotmail.com","pbkdf2:sha256:600000$8u99PjIPNUbLSaVN$c921698a4aff0f1ea23546d88ee976968bcabee7c4219414c96ab875687491c7","William","Hensley","59306 Holly Underpass
Buckburgh, MI 10648","False","19"
"20","pwilliams@hotmail.com","pbkdf2:sha256:600000$GOBRknhmidqhTqAA$63c8ca61734d7e2db99e9727e206d402f39f890258e03aaa9606a643c5ff7b8f","Brett","Donaldson","65282 Greg Estate
New Mark, AK 63797","False","20"
"21","houstonwhitney@hotmail.com","pbkdf2:sha256:600000$f1nhKdsI5GgF0zKC$8c7932d3b0465ad2be0cf062c07daddd6c238e8a66a0fc74179c81c074b825d2","Thomas","Cook","26951 Huang Gardens Suite 636
Lake Timothy, PW 76703","False","21"
"22","pford@hotmail.com","pbkdf2:sha256:600000$twFiVIZkTBBbdG00$ca45796931d31d78ecc01285f66853ae2903259d6629d0bf3e850c4e40e1fd5f","Tina","Thompson","646 Michael Curve
New Michaeltown, NE 76089","False","22"
"23","elizabeth32@hotmail.com","pbkdf2:sha256:600000$RdQZS9SdSAV0bXwq$10d783f172905b49ffb4f7a4aedc36ebfbdc9b9d3fd203216e86ba34d7ff6a6d","Lauren","Walters","9261 Alex Lake
Floresmouth, MN 77080","False","23"
"24","nancy51@hotmail.com","pbkdf2:sha256:600000$teJoz7rkQTt4VpSX$ddbb95c1875f1a55f3c5b2f9bcade6405bd34c45f6f426d9d5dc07f63ab0101f","Troy","Hawkins","02983 Antonio Lodge
Kleinville, NJ 73841","False","24"
"25","danielrobles@yahoo.com","pbkdf2:sha256:600000$MXZQVVowuHZcwKjw$55d9e1325fa1d9f387b31ec81e08ecb7d3895f48ffa9dd3b6048f9fc4f3d36f5","William","Bray","017 Long Forks Suite 090
Davisborough, VA 43336","False","25"
"26","griffinpamela@hotmail.com","pbkdf2:sha256:600000$er2HyPIWRRec7HvU$d47e129f72d7055b92fdf6d414a30c60534db7c0a524775c1ea96e9f5e6679d2","Melissa","Wells","4619 Wilkins Wall
South John, NJ 54277","False","26"
"27","qmyers@yahoo.com","pbkdf2:sha256:600000$AdHdx27u1OPaEwwr$6aedaea1ec97060380ce4934ef6ebbe3446e0b19cde08bb52ebdbf7fd3bc0092","Amy","Sanchez","Unit 8645 Box 7325
DPO AP 47232","False","27"
"28","jeremy94@gmail.com","pbkdf2:sha256:600000$mXzb5cXWFuJALoc3$5e367f0733634e34a8d020fd8b55aa6c65b018c6e75b66f5d96ccc893144bde8","Joshua","Jones","1039 Brianna Passage Suite 274
New Sergiobury, MS 50840","False","28"
"29","wendysteele@gmail.com","pbkdf2:sha256:600000$CX5GpHK18D9HtNkZ$cf321985246393e7e83e513e05e3a07177167b128d9d20a2f2490858dbcb255a","Zachary","Garcia","192 Johnson Ville
West Colin, MP 93220","False","29"
"30","hartmanrobert@hotmail.com","pbkdf2:sha256:600000$6gVnh6zOqYuZddvj$18b5ba51bea3f093315e197f62feba4c704646da4db49b16cd720f1b78880799","Kim","Ortiz","64000 Jones Shore Suite 584
Port Jeanettehaven, DC 34523","False","30"
"31","martinezchristopher@gmail.com","pbkdf2:sha256:600000$frjQIScjXaaFOTmJ$11ccc5fdd8b3f7045f9ec3620908d6dea0062fb1c065a7ac3a11b06099382c4a","Kristin","Ibarra","730 Jackson Parkways
Lewisside, NC 65143","False","31"
"32","qstark@yahoo.com","pbkdf2:sha256:600000$6YvnPgBmtalqLCvA$6fb8519c99f76150f0428b005a615c120290c9b6c1169acd8070b57cb91960fc","Eric","Taylor","9684 Jacob Forge Suite 828
Port Carla, WV 70196","False","32"
"33","waynebarnes@yahoo.com","pbkdf2:sha256:600000$wFZYIrd9LvnlcHoq$44fba265dde17c97ecb07b6fe01dbda08efea8e3721b6c496d9a727b13804278","Daniel","Mccall","986 Rebecca Center
Merrittton, SD 85388","False","33"
"34","vschneider@gmail.com","pbkdf2:sha256:600000$IcfCvaoHP1CIZA4U$7ef124b0b58f759081c1a36f6a530c837399ea5a90f407613311b71e2c14e548","Brian","Kelly","Unit 2166 Box 7052
DPO AE 92631","False","34"
"35","ostone@gmail.com","pbkdf2:sha256:600000$ngt4V6NgLhf0YbTb$5334d9e9f55c28182e2c8d9f270fc1059055e0d14a073ff174da8429602c1705","Abigail","Hoover","7577 Christopher Mill
Frankside, NJ 72758","False","35"
"36","blewis@hotmail.com","pbkdf2:sha256:600000$rqAC6NWtd25JBNBQ$a570e6c4166df096a3b26caba9a6611cc23e2123e5fc97579f9f0adc11db1ffc","Ashley","Williams","6037 Vega Vista Apt. 078
Port Paul, LA 90278","False","36"
"37","hbrown@gmail.com","pbkdf2:sha256:600000$LPJpy1Wh5s16Whg7$cb239609b4d2be46d32078c839df113f4e573578c2fc86bec8fea5ad942d3e28","Edward","Hill","39287 John Heights
Barnesmouth, PR 88806","False","37"
"38","joylowe@yahoo.com","pbkdf2:sha256:600000$HnDcKKEkHfBRCFuG$06698ba4a3b37ae6eca5d4e0a7f47ddb33d247e51e8b1c7bf1e82c1c04f3ee3a","Chad","Bridges","8724 Rachel Squares
Latoyabury, AL 19300","False","38"
"39","sandygarcia@gmail.com","pbkdf2:sha256:600000$8FByb6JnjnQDyNht$3269a18a6031b8ce2341b5d7ac40e515c9ad97a27a9000d8c1f1eeaa4fd0a605","Dalton","Fritz","33319 Russell Village
New James, NM 12409","False","39"
"40","nbaker@gmail.com","pbkdf2:sha256:600000$hyKe0j0Fm7t7GkXP$a5320ebd35e5fd247554471759f67b0aa3d45782f516b237479db9258e9055b1","Erica","Vega","666 Douglas Club Suite 283
Bellshire, FL 75555","False","40"
"41","jenniferbaldwin@hotmail.com","pbkdf2:sha256:600000$B26zrzIZ2fFtGhSu$b69e09bb06c4464fe295a0848709622b100adf200712da799eeda5a0a0405795","Dawn","Russell","238 Shawn Well
Port Johnshire, NC 72291","False","41"
"42","codyherring@hotmail.com","pbkdf2:sha256:600000$8oMDsfFCEMdHsiDW$5080fa9e726bcdb51f663203e8acdafabe45715650b428a2e8fcc9026a0ddef0","Erica","Le","57725 Sweeney Lodge
Brandyland, OH 59854","False","42"
"43","tgilmore@yahoo.com","pbkdf2:sha256:600000$3rEGHKU6kstbYqFJ$ad0b9d82c9bbb26a3e51f59a9d4049147cbb52d4f3a5a04d66751edc7d217c20","Kenneth","Castro","46379 Lopez Route Apt. 969
West Michael, MD 62485","False","43"
"44","justinbonilla@hotmail.com","pbkdf2:sha256:600000$Zl4ntkzIyKVSbGAy$2dcdb67c046bdeab183851d8337a7a382eeb08ef81a57838d65f4ffc8fe1c5c5","Daniel","Patterson","94678 Brown Camp
West Nicholaschester, MS 85041","False","44"
"45","webereric@hotmail.com","pbkdf2:sha256:600000$6ypMnItOnq2zHsHp$d1b6f7bdf00708aa05a6f81b0c69cdd1c241cc9301b172a313cbc8024dd65374","Douglas","Yates","04374 Nicholas Cliff Suite 001
Adrianport, AR 00654","False","45"
"46","denisetaylor@gmail.com","pbkdf2:sha256:600000$gc4xdRz6lxc7NY8w$0f71282cab93be823afa8dc83bbe10332d5e78215efda80947eff06d299e279b","David","Steele","Unit 4585 Box 0002
DPO AA 97569","False","46"
"47","jyoung@gmail.com","pbkdf2:sha256:600000$hN0ClgsYFKYHDseq$43735449a54a5cb6cc548eb562164ad7c5589d85cab695c6e86720bfb9011013","Christopher","Green","24581 Tyler Well Apt. 640
Adamburgh, MA 23043","False","47"
"48","upeters@hotmail.com","pbkdf2:sha256:600000$ZXmMnvmUgez3mTik$b001d4b9cc55f7900fc21bf32d0183e8497b6c8adf424c570c3ccd9e2a923f29","Maria","Valentine","68140 Trevor Valleys
Vaughanstad, OH 62334","False","48"
"49","torreskyle@hotmail.com","pbkdf2:sha256:600000$qNvYwPZ0I8Z3BoN3$97e917c46959d0e61cc880a04003f53fa0757198f6bce34566a275667df3e16c","Beverly","Taylor","98027 Anna Common Suite 527
Bradville, FM 13697","False","49"
"50","christopher91@gmail.com","pbkdf2:sha256:600000$7bPFba9eSgM8Tyx4$e0fa4fc4cd966ad5e24f4ff9b835b139abc732c26cefd6f3fee24a907327b184","Kristin","Alvarez","61677 Jasmine Centers
East Crystalfurt, PA 12810","False","50"
"51","yolandabraun@gmail.com","pbkdf2:sha256:600000$DxLgEXnzpILlhQqh$6aa649dd5ac5c697a6c0883c116a4c454f7918781c1aeeacb26d017e365c310c","Scott","Lawrence","99243 Larry Extensions Apt. 078
Bergmouth, PA 44788","False","51"
"52","olsonjohn@gmail.com","pbkdf2:sha256:600000$uqjVjsy4ts3H8BjR$7a9c824545127e3c04f57daef025f1d16b556537295289461450d0faefff064b","Perry","Jr.","73293 Molly Groves
New Melissa, TN 64065","False","52"
"53","erin71@yahoo.com","pbkdf2:sha256:600000$3kJTKrlJOwvwofDo$a8544f77614fea422a5ecc3809e6516434a76038be3958991c22375740dc4cca","David","Rivera","3605 Jackson Corners Suite 709
Port Donald, OH 74865","False","53"
"54","kelly22@hotmail.com","pbkdf2:sha256:600000$lRsMV1rM7ReayLdo$14050dc7051b6bae0a0e3e7e9d62254d7238fe14a2813e73254d8ce311ca724d","Shannon","Rivera","7637 Aimee Ranch
Rittermouth, IL 74257","False","54"
"55","beverlysmith@yahoo.com","pbkdf2:sha256:600000$KIZa8EAO6deqlAE5$e82a9c8ae7a7bfad23523ed6a343186f398f90b528b2a6891b47997e0fc10e6d","Katherine","Smith","499 Edward Vista
New Matthewport, MH 72138","False","55"
"56","ktucker@hotmail.com","pbkdf2:sha256:600000$XLVBwctWwtwpjTRb$49f79f1f9dce06d43d34e7473ad9b1218a50b7e5e2c3624ce61e4f855f2c5d05","Elaine","Morris","61972 Floyd Lodge Suite 287
Samanthahaven, IN 28789","False","56"
"57","gordon43@hotmail.com","pbkdf2:sha256:600000$9eLe1c4DieoewG79$f3b1138f2a0aaa3c8ec523d7256ad3953f6230f985b071f8d723fc4b2f01b34f","Wayne","Reed","143 Doyle Cove Suite 852
Port David, VA 97386","False","57"
"58","kennethwashington@gmail.com","pbkdf2:sha256:600000$TlqgOY7VzasILxTU$baeb988564a61dd2c46a95bf5b78045f3a98ea8fe73659de35ba2d0e3b2c275d","Jennifer","Marsh","41694 Ashlee Lodge Suite 853
East Denise, CT 15792","False","58"
"59","zharris@hotmail.com","pbkdf2:sha256:600000$Sun9FTYe2Aatzz7o$177d4aa1c8fedd2dd76b689720914cab699fb798cdf3dc85159300a0f4f7d9bd","Richard","Haynes","4547 Matthew Islands
Port Michael, MN 47480","False","59"
"60","davidlewis@gmail.com","pbkdf2:sha256:600000$m7GJN6mwBAzM7Jd7$e4a7183ea1e1a4c48f76ffeb0ad8fe33e9daff5f2936628f1ee83853df4c6b02","Sean","Jackson","4495 Duke Trafficway
Archerhaven, GU 07048","False","60"
"61","joshuakent@yahoo.com","pbkdf2:sha256:600000$fbuTVR1g5z5UAIB5$2979103655c6fd395e285d2b7c8161d5d4e547995a2a71763dfa2dfaca04c503","Billy","Graham","390 Andrew Summit
Rodrigueztown, NM 97594","False","61"
"62","tammy10@yahoo.com","pbkdf2:sha256:600000$CdZhDHUsp2K47oJv$08504fb51a0a3b324b9b95ee7d7e1354c16ddd1131141a3c5d1c2f05e044086c","Christopher","Mitchell","515 Lindsey Village Apt. 594
Travismouth, GA 32478","False","62"
"63","christianhernandez@gmail.com","pbkdf2:sha256:600000$r2PvwrB1gql78jPw$7722af86a29ad68fa1450eb6c8670aa2815a14d3bdca95c637cd101778b985c6","Jeffrey","Griffin","436 Brian Trafficway Apt. 295
North Bob, ND 21817","False","63"
"64","randallwendy@yahoo.com","pbkdf2:sha256:600000$1l2sCkJ2etce9XCG$dc66b614e2059e3ffcf3662a7fb52d38731a61a8c334ea2a190effd209e37c38","Chase","Foley","5263 Eric Mount Suite 930
Derekmouth, MT 74898","False","64"
"65","heathercrawford@yahoo.com","pbkdf2:sha256:600000$P65A4lNDpWTI3TdL$ae9b4f15534fdcd9326194d7a83c322494d433afaca005d238ec6bd0e44d0fe6","Matthew","Cisneros","96654 Kelly Parks
Randybury, WY 61048","False","65"
"66","pauldiaz@gmail.com","pbkdf2:sha256:600000$IeWKviebm6Q9zewF$09825dd867c14398845f3ba342c118347753ca995747db4eb73935e181372a86","Tyler","Pace","931 Henderson Shores Apt. 948
Pamelaberg, AZ 01714","False","66"
"67","victorlewis@gmail.com","pbkdf2:sha256:600000$cFuV4eTYbRu8A5RW$64a25979e7f9c57d56b5fc3479dad66dd65f3ed38db41bb68dbf94b3cc267f81","Matthew","Beltran","84638 Lisa Ridges
Melissamouth, KS 67260","False","67"
"68","armstrongcolleen@gmail.com","pbkdf2:sha256:600000$AU6mbBpNcHQuhRaW$da2995c59961806cd7d582bf0d352e4fbb5798aedad0880230184da3c7b50b7d","Sandra","Powell","39594 Kevin Ways Apt. 634
Andrewton, NE 96331","False","68"
"69","mwade@hotmail.com","pbkdf2:sha256:600000$5k61HU1Tgxm4TsrY$80ba4097fb381dcf4b3c8f7cf4e882dc0b5add78d8d6532f6624bbe34f0b9e76","Matthew","Jones","4938 Andrea Square Suite 279
North Natalie, MS 76915","False","69"
"70","kristinperry@yahoo.com","pbkdf2:sha256:600000$9WM4zlWgwvKTsxlf$c54649c013f43e4bbc58be3bd96cf6b27e66d4215c6cbfea15cfbf18dc3f8e6b","Jacob","Roy","Unit 1844 Box 0663
DPO AE 79652","False","70"
"71","cbrown@yahoo.com","pbkdf2:sha256:600000$3OC04J3Ic8Bf13fC$6984dc3484edbd3cbcd9f3e7b47405d267b1b9ecf17de2a4999bdc596dc7ac40","Shannon","Boyd","USCGC Le
FPO AE 34436","False","71"
"72","patricklopez@hotmail.com","pbkdf2:sha256:600000$IRXfsl26n8BMNoRN$29543084f103a3672f46998731ff8a81d5098354322b8d12ffea82d01604b341","Jessica","Wilson","554 April Circles Suite 196
Tylerville, VA 60222","False","72"
"73","osanders@gmail.com","pbkdf2:sha256:600000$Gs0LWBWfbZswsTCX$5bcc78cb0c439a519de2d861f9d07746043edde4f67109bbd3f8332722a6bcf1","Keith","Ramsey","5383 Kimberly Tunnel Apt. 342
South Jesse, CO 30873","False","73"
"74","sharon91@hotmail.com","pbkdf2:sha256:600000$cVhHomqI3O1XAPU0$5704d1d585ac0185f19471741095fb590250c8376ca56e2fd3079504e4951f8d","Lori","Dominguez","376 Eric Highway Suite 690
Jonesport, VA 61698","False","74"
"75","privera@gmail.com","pbkdf2:sha256:600000$yYaQNvmqC8BRhPiW$49e00070ee7105aacc8598667d23b8736c7d7f2fea45967a53e23759bc57a989","Patricia","Pearson","27901 John Drive Suite 233
New Dominique, AR 59360","False","75"
"76","brian64@yahoo.com","pbkdf2:sha256:600000$gOkcbT0dboubTiQf$7a8a8709e5499ce9f4dd815a9239a3a67bbb78ddd184eab79d9f7a52635d75d9","Alan","Pineda","4701 Hall Groves
East Amystad, MN 35533","False","76"
"77","diazfrank@yahoo.com","pbkdf2:sha256:600000$kaDr4kVMRXbVshUi$ee0a37672a3fb2261dbf6a66d2f00ac5c1266f092a92d844a3d2443e579f37ae","Jamie","Clark","USS Bullock
FPO AE 79810","False","77"
"78","qferrell@hotmail.com","pbkdf2:sha256:600000$Zkj0DvUalq8V63WR$dfa4f06a182dd32fedeb586565c6f4ed9d2d1c90932944258b69893bedb6f9fa","Tracey","Bartlett","9052 Miller Shores
Knappberg, TN 60227","False","78"
"79","patrick19@yahoo.com","pbkdf2:sha256:600000$MqNckk67RgDCbiUQ$60f865cc8468c1308721665a93681b72d4f915b70e327bc945bf067e4326f10c","John","Coleman","3990 Terri Tunnel Suite 324
South Monica, RI 14378","False","79"
"80","derek56@hotmail.com","pbkdf2:sha256:600000$dwa9vpt8imLrMHoA$f57723e6c9adb54925a66b86b494bc6709598aa5dc0b794e30cab8a314572371","Edward","Ochoa","9104 Hardy Flat
Lake Melanie, TX 45172","False","80"
"81","jacob95@gmail.com","pbkdf2:sha256:600000$UluMK6vUriAPfZH7$19cd918be8b33a49f66fd6d2d8bb573c1ccd33e2873010f3c44a70894833774e","Sheri","Jennings","72890 Wright Groves Apt. 423
South Jodi, IA 35989","False","81"
"82","ppatel@gmail.com","pbkdf2:sha256:600000$sk8504iW1ONR0CeG$539d535dafdced65145bbbcf496b812c51e0a0722cce3719279d9f3106feff29","Deanna","Holt","189 Johnson Flats Suite 066
North Tiffany, VI 44671","False","82"
"83","nicholasmorgan@hotmail.com","pbkdf2:sha256:600000$lXl8jLTzUK83KkKk$5c61858ff32596b051a6248ce2265cf80a38934a12393bdef03ff27eff84e369","Larry","Palmer","58718 Camacho Cove Suite 092
Elizabethburgh, MA 63093","False","83"
"84","dwells@hotmail.com","pbkdf2:sha256:600000$nKSnYT2ooCd23rCg$01841428d2536c6edd23a54b797b28d48984e90b2a4357543d46c505b5b7c5ee","Kristina","Higgins","824 Roberson Port Apt. 542
Martinborough, IA 17119","False","84"
"85","amyporter@yahoo.com","pbkdf2:sha256:600000$bQREHor7ZbjkpfJO$97afa48feb4a5d9e446032746b01bc6f3d8c82bc48ec761d220d451e822fabeb","Shawn","Matthews","46432 Gina Route
West Johnny, AR 14522","False","85"
"86","lindseylynch@hotmail.com","pbkdf2:sha256:600000$88YhxMGZyg0eMCq0$3a2b2640a62d48b946fd4e1ac833b7abf49f8c7d51340205170014309c04ce5c","Leslie","Pugh","070 Christopher Glens
Jessicaland, GU 10999","False","86"
"87","lcollins@gmail.com","pbkdf2:sha256:600000$nNJSpW62E016TTZ9$f5011971cd909964ce2687c6ebbd21ba6d29565f1ef9c7297a04901bff24eafe","James","Rodriguez","5877 Clark Plains
Sweeneyville, WA 28933","False","87"
"88","john71@hotmail.com","pbkdf2:sha256:600000$CREmBss5JPuWOBuQ$de2cae3da9398a10359bbabb36e78ab8879e818d3d3b58584013be78a2079953","George","Butler","57715 Harper Street
Barryborough, NC 38824","False","88"
"89","deborah72@hotmail.com","pbkdf2:sha256:600000$u9mtlQX5l8jX9MXH$215445d194bee32e9cb087c7837b1c17b1a3dbb75a25131b88296930d76aa7e5","Shawn","Gregory","747 Lee Ford Apt. 772
Port Russell, KY 29064","False","89"
"90","irwinwyatt@gmail.com","pbkdf2:sha256:600000$qzfPc1nRGJHL6jeS$fe3f8371c6024a6c8722d34f364f51629f45d0f334f377fa65f311cdb129ce93","David","DDS","0122 Hill Crossroad Apt. 255
Port Stephanie, IA 77834","False","90"
"91","pbrown@yahoo.com","pbkdf2:sha256:600000$8o6L2g4r9279XKUT$7bd78cc6cdde6aa107b83a38d3a0ecb8153ba941e90f0e9b2a86dfe5d866e2fa","Mark","Chapman","89530 Anita Shoals
Ronaldport, MP 42703","False","91"
"92","elizabethyang@gmail.com","pbkdf2:sha256:600000$S9EbXODNpEFwrPwM$493b55dff72e6a87b0f845f2d13012eec9a080bd544409c46e5eb68e26babee8","Savannah","Miller","300 Salazar Square Apt. 339
Boyerhaven, VI 23452","False","92"
"93","zwilson@hotmail.com","pbkdf2:sha256:600000$N7rcpsk9gEUyVwGm$b4f57b038ed4427f3b610dfa6a08d19ad8a8784117817242b1b6456dcc4500fc","Matthew","Doyle","820 Andre Drives Apt. 590
New Alexandraberg, KS 43913","False","93"
"94","drakefrederick@hotmail.com","pbkdf2:sha256:600000$4HhTMIngCKdVxufP$7a017c499f403b7a34cd40c151ec8106fa0dc61643dc27d1ae56522788a81e39","Daniel","Carter","110 Dylan Wall
Anthonyville, ID 80082","False","94"
"95","mforbes@yahoo.com","pbkdf2:sha256:600000$OD0ZuDH3ZaSJ8t0U$fbff0dfd4034ec9465407b941394cecc7528947f765e4f31914e47c963f613c5","Donald","Ponce","59587 Davila Flats
Brownhaven, MS 86708","False","95"
"96","hillshelley@gmail.com","pbkdf2:sha256:600000$ehy4wXcof3sDFDE2$22cf9dace0012e242641aa39b8a81cea29b7e51fe8284c10a5a7bea81b6f66cd","Dr.","IV","7242 Williams Garden
Mathewville, UT 59650","False","96"
"97","brittanymendoza@gmail.com","pbkdf2:sha256:600000$ooXxBOfhhPYAmq1K$2fbdc5bd12cd74ac41b91918ac614a7d116a420712b270926688121bc776e738","Adrienne","Friedman","09420 Ramos Walks Apt. 671
South Emilychester, IN 36624","False","97"
"98","taylor42@yahoo.com","pbkdf2:sha256:600000$ECfzGfTm2BJmlOI9$cd2200b145fa8654fd3c619e5954205375ff0fbc83c06db81da216cb3d5c8816","Justin","Adams","4173 Wells Garden Apt. 105
Thomaston, CT 13358","False","98"
"99","jacksonlori@gmail.com","pbkdf2:sha256:600000$NJpcUpFcZwOJhEXm$afaab705c811b3ef5ec4b0f59c1ea6d5be89fc39c458439a726128b4a681a357","Michelle","Welch","6308 Carroll Park
South Chelsea, NY 67064","False","99"
